,channel_title
ESPN,203
The Tonight Show Starring Jimmy Fallon,197
Vox,193
Netflix,193
TheEllenShow,193
The Late Show with Stephen Colbert,187
Jimmy Kimmel Live,186
Late Night with Seth Meyers,183
Screen Junkies,182
NBA,181
CNN,180
Saturday Night Live,175
WIRED,171
BuzzFeedVideo,169
INSIDER,167
The Late Late Show with James Corden,163
TED-Ed,162
Tom Scott,159
WWE,157
CollegeHumor,156
First We Feast,153
HellthyJunkFood,153
Bon Appétit,151
Tasty,151
Warner Bros. Pictures,150
FBE,149
Life Noggin,148
jacksfilms,148
The King of Random,148
Good Mythical Morning,147
Vanity Fair,145
Vogue,140
Safiya Nygaard,139
20th Century Fox,135
SciShow,135
Smosh,133
Dude Perfect,131
Marques Brownlee,130
Great Big Story,128
Marvel Entertainment,125
AsapSCIENCE,124
NFL,123
ABC News,123
The Slow Mo Guys,122
The Voice,121
James Charles,118
Washington Post,115
Kurzgesagt – In a Nutshell,115
Simon's Cat,115
CrazyRussianHacker,115
Binging with Babish,112
Complex,109
NikkieTutorials,109
E! Entertainment,108
You Suck At Cooking,107
Universal Pictures,106
Star Wars,106
Brave Wilderness,106
Team Coco,106
IISuperwomanII,105
NBC News,104
Inside Edition,104
REACT,103
Hannah Stocking,102
TODAY,102
The Film Theorists,102
The Graham Norton Show,102
Tati,102
CinemaSins,101
iJustine,99
The Verge,96
Refinery29,96
Rosanna Pansino,96
CaseyNeistat,95
Watch What Happens Live with Andy Cohen,95
HBO,95
Laura Lee,94
The View,94
BBC News,93
Bad Lip Reading,92
PTXofficial,90
itsAlexClark,90
nigahiga,89
Domics,88
Sony Pictures Entertainment,88
Nintendo,87
American Idol,87
Charlie Puth,84
BBC Radio 1,84
CBS This Morning,84
The Dodo,83
Entertainment Tonight,82
BuzzFeedBlue,82
CBS News,82
How To Cake It,81
LaurDIY,81
Matt Stonie,81
ibighit,80
LOL Network,80
Unbox Therapy,80
The New York Times,79
Michelle Khare,78
ExplosmEntertainment,78
Focus Features,77
FOX Soccer,77
William Osman,77
Good Morning America,77
As/Is,76
How Ridiculous,75
SpaceX,75
Will Smith,75
Grace Helbig,75
Rudy Mancuso,74
TIME,74
Studio C,74
NBC Sports,73
Amber Scholl,72
Guava Juice,72
Lucas the Spider,72
SMTOWN,72
Half as Interesting,71
What's Inside?,70
Simone Giertz,70
ThreadBanger,69
KathleenLights,69
vlogbrothers,69
WOWPresents,69
Linus Tech Tips,68
EverythingApplePro,68
colinfurze,68
Matthias,68
Lele Pons,68
Gus Johnson,68
Hydraulic Press Channel,68
Strictly Dumpling,67
AaronsAnimals,65
ColliderVideos,65
Mr. Kate,65
Austin Evans,65
Billboard,64
Cut,64
jypentertainment,64
Movieclips Trailers,63
Mike Boyd,63
Tyler Oakley,63
Markiplier,63
Full Frontal with Samantha Bee,63
The School of Life,63
Jackie Aina,62
Nerdwriter1,62
How To Cook That,62
GQ,62
Paramount Pictures,62
Britain's Got Talent,61
The Daily Show with Trevor Noah,61
National Geographic,61
Business Insider,60
Atlantic Records,60
emmymadeinjapan,60
MeghanTrainorVEVO,59
RM Videos,59
Marzia,59
Jenny Nicholson,59
Disney Movie Trailers,59
Team Edge,59
TMZ,59
MatthewSantoro,58
SiaVEVO,58
CalumScottVEVO,58
Teen Vogue,58
Breakfast Club Power 105.1 FM,58
JunsKitchen,58
ShawnMendesVEVO,58
The Infographics Show,58
TroyeSivanVEVO,57
BuzzFeed Celeb,57
JennaMarbles,57
AnthonyPadilla,57
Kelly Clarkson,56
Anwar Jibawi,56
FaZe Rug,56
IGN,56
TheReportOfTheWeek,56
Carli Bybel,56
Wendy Williams,56
FC Barcelona,56
John Campea,55
BostonDynamics,55
Wendover Productions,55
Papa Jake,55
Lionsgate Movies,54
Diplo,54
ChainsmokersVEVO,54
PBS Eons,54
Guardian News,53
Simply Nailogical,53
Rooster Teeth,53
MLG Highlights,53
Lip Sync Battle,52
Epicurious,52
Jaiden Animations,51
Casey Holmes,51
CBS Los Angeles,51
CAguileraVEVO,50
Kandee Johnson,50
zefrank1,50
Glam&Gore,50
TaylorSwiftVEVO,49
Numberphile,49
Red Bull,49
Gabbie Hanna,49
Doug DeMuro,48
MinuteEarth,48
Glamour Magazine,48
Alan Walker,48
Gibi ASMR,48
Ed Sheeran,47
Cobra Kai,47
MyHarto,47
ANDREW HUANG,47
ViralHog,47
Anna Akana,47
The Game Theorists,47
Food Wishes,47
Bleacher Report,47
BBCRadio1VEVO,46
Amazon Studios,46
ONE Media,46
VH1,46
Wong Fu Productions,46
A24,46
Jaclyn Hill,46
ProZD,46
Daily Dose Of Internet,46
USA TODAY,46
David Guetta,45
Cole and Marmalade,45
Liza Koshy,45
ImagineDragonsVEVO,45
SamSmithWorldVEVO,44
ScreenJunkies News,44
Lauv,44
JenniferLopezVEVO,44
The Hollywood Reporter,44
Skip and Shannon: UNDISPUTED,44
DamonAndJo,43
MSNBC,43
The Food Ranger,43
CalvinHarrisVEVO,43
Lucas and Marcus,43
ArianaGrandeVevo,43
JerryRigEverything,43
Fox News,43
The Real Daytime,42
Janelle Monáe,42
grav3yardgirl,42
videogamedunkey,42
carrieunderwoodVEVO,42
theneedledrop,42
Zoella,42
LIVEKellyandRyan,42
bill wurtz,41
Call of Duty,41
SZAVEVO,41
TBS,41
Clevver Style,41
Allure,40
The Action Lab,40
Clash Royale,40
CNET,40
BBC Earth,40
NickiMinajAtVEVO,40
Christen Dominique,40
SigridVEVO,40
KeithUrbanVEVO,40
Dancing With The Stars,40
Disney•Pixar,40
BANGTANTV,39
Jeremy Jahns,39
CBC News,39
Klossy,39
Associated Press,39
Tech Insider,39
Fueled By Ramen,39
ZaynVEVO,39
Architectural Digest,39
jennxpenn,38
jeffreestar,38
FlorenceMachineVEVO,38
BBC,38
The CW Television Network,38
The Official Pokémon YouTube Channel,37
Ladylike,37
BBC Three,37
merrelltwins,37
The Scran Line,37
Clevver News,37
Marshmello,37
jacksepticeye,37
Apple,37
Brad Mondo,36
Hevesh5,36
Big Marvel,36
Primitive Technology,36
ELLE,36
Hulu,36
Variety,36
BuzzFeed Nifty,36
Sylvia Gani,35
CNBC,35
Davie504,35
Because Science,35
Eater,35
JamesBayVEVO,35
DALLMYD,35
Sailor J,35
HalseyVEVO,35
Feast Of Fiction,35
Panic! At The Disco,34
Liza Koshy Too,34
justintimberlakeVEVO,34
Madelaine Petsch,34
Rita Ora,34
Maroon5VEVO,34
JelloApocalypse,34
Desi Perkins,34
Jason Derulo,34
Simon and Martina,34
DanTDM,34
Good Mythical MORE,34
1MILLION Dance Studio,33
Genius,33
Kitchen Nightmares,33
CamilaCabelloVEVO,33
Chris Stuckmann,33
C-SPAN,33
EminemVEVO,33
truTV,33
TheSorryGirls,32
ElleOfTheMills,32
AlishaMarie,32
ChrisStapletonVEVO,32
How to DAD,32
Condé Nast Traveler,32
EnriqueIglesiasVEVO,32
5SOSVEVO,32
VICE News,32
Thomas Sanders,32
MalumaVEVO,32
SB Nation,32
Mark Rober,32
FoxStarHindi,32
Doctor Mike,32
Impulse,32
ConnorFranta,32
GEazyMusicVEVO,31
PBS NewsHour,31
TED,31
Ryland Adams,31
Lindsey Stirling,31
GoPro,31
Shawn Mendes,31
Camila Cabello,30
Fortnite,30
SugarlandVEVO,30
Brian Hull,30
Cardi B,30
Kanye West - Topic,30
Molly Burke,30
Peter McKinnon,30
MyLifeAsEva,29
U2VEVO,29
DisneyMusicVEVO,29
Lisa Eldridge,29
Hope For Paws - Official Rescue Channel,29
杰威爾音樂 JVR Music,29
Discovery UK,29
KaceyMusgravesVEVO,29
Selena Gomez,28
NBC,28
Taylor Nicole Dean,28
Matthias Wandel,28
DONG,28
CGP Grey,28
MiguelVEVO,28
Yes Theory,28
johnmayerVEVO,28
FX Networks,28
LadyGagaVEVO,27
Tina Yong,27
TinasheOfficialVEVO,27
Vat19,27
SuperCarlinBrothers,27
SelenaGomezVEVO,27
ScreenPrism,27
The Royal Family Channel,27
BackstreetBoysVEVO,27
TheOdd2sOut,27
Cracked,26
Google,26
Bachelor Nation on ABC,26
Don Diablo,26
Al Jazeera English,26
FifthHarmonyVEVO,26
Primitive Survival Tool,26
Alissa Ashley,26
UFC ON FOX,26
Mental Floss,26
Rob Scallon,26
RomanAtwoodVlogs,26
RemyMaVEVO,26
Daisy Marquez,26
Laura in the Kitchen,26
NHL,26
The Talk,26
IFC Films,26
NickJonasVEVO,25
Daddy Yankee,25
OmarGoshTV,25
FiftyShadesVEVO,25
ABC News (Australia),25
Joey Graceffa,25
Sidemen,25
Nerdist,25
ChildishGambinoVEVO,25
GraceVanderWaalVEVO,25
Walt Disney Animation Studios,25
ElectroBOOM,25
LiamPayneVEVO,25
miniminter,25
Mayim Bialik,25
Miranda Sings,25
euronews (in English),25
FallOutBoyVEVO,25
DemiLovatoVEVO,25
Practical Engineering,25
ABC Television Network,24
AntsCanada,24
KendrickLamarVEVO,24
LastWeekTonight,24
Dan And Shay,24
Harper's BAZAAR,24
Poppy,24
Morgan Adams,24
Dragonfoxgirl,24
Queen Naija,24
Logan Paul Vlogs,24
The New Yorker,23
Kanye West,23
PlayOverwatch,23
Olivia Jade,23
Taylor Swift,23
Chris Smoove,23
NBA on TNT,23
NCAA March Madness,23
CupcakeJemma,23
Kaplamino,23
The Grand Tour,23
davematthewsbandVEVO,23
CatCreature,23
amc,23
Linkin Park,23
GeorgeEzraVEVO,23
MBCentertainment,23
MTV,23
Björk,23
Gordon Ramsay,23
Gallant,23
Real Madrid C.F.,22
todrickhall,22
ByronTalbott,22
Battle Universe,22
PewDiePie,22
Casually Explained,22
E! Live from the Red Carpet,22
5-Minute Crafts,22
Waterjet Channel,22
RealLifeLore,22
Nat Geo WILD,22
Physics Girl,22
Helpful Vancouver Vet,22
"Tyler, The Creator",22
JOLLY,22
Bleecker Street,22
Kayley Melissa,22
FORMULA 1,22
heyitsfeiii,22
Bebe Rexha,22
CelineDionVEVO,22
PatrickStarrr,22
Vsauce2,22
FOX Sports,21
John Mayer,21
Jeopardy!,21
Sara Dietschy,21
It's Okay To Be Smart,21
The White House,21
Butch Hartman,21
Nikita Dragun,21
Comedy Central,21
SnoopDoggVEVO,21
TRL,21
camelsandfriends,21
Nicol Concilio,21
Tia Mowry's Quick Fix,20
Denitslava Makeup,20
keshaVEVO,20
NickyJamTV,20
BURGER KING,20
The Sims,20
Disney Parks,20
BeckyGVEVO,20
Jess Glynne,20
Jake Paul,20
Jonathan Morrison,20
Tested,20
Munchies,20
Tanya Burr,20
ChvrchesVEVO,20
Jack and Dean,20
Philip DeFranco,20
MustardVEVO,20
TV Promos,20
MigosVEVO,20
Josh Groban,20
Hamilton: An American Musical,20
PressTube,20
My Virgin Kitchen,20
KhalidVEVO,20
DidYouKnowGaming?,20
MLB,20
AzealiaBanksVEVO,20
Tim Milgram,19
1theK (원더케이),19
Rudimental,19
KKandbabyJ,19
Prince,19
ABC Action News,19
5FDPVEVO,19
UFC - Ultimate Fighting Championship,19
Beme News,19
Dobre Brothers,19
Ingrid Nilsen,19
NiallHoranVEVO,19
Shoshana Bean,19
Julien Solomita,19
JasonAldeanVEVO,19
Kylie Cosmetics,19
AdelaineMorin,19
Billie Eilish,19
Hunter Hayes,19
HollywoodLife,19
Colleen Vlogs,19
Eh Bee Family,19
Today I Found Out,19
TheWeekndVEVO,19
Buttered Side Down,19
fosterthepeopleVEVO,19
Colleen Ballinger,19
Lucas,19
Engineering Explained,19
CalebCity,19
SomeThingElseYT,18
Channel Awesome,18
Nicki Minaj,18
Natalies Outlet,18
Inanna Sarkis,18
iHasCupquake,18
J. Cole,18
fantano,18
MamaMiaMakeup,18
Wassabi Productions,18
NJ.com,18
Cosmopolitan.com,18
Mike Shinoda,18
FightHype.com,18
Carter Sharer,18
H O N N E,18
Portugal. The Man,18
YouTube Spotlight,18
Blossom,18
WatchMojo.com,18
Karina Garcia,18
KatyPerryVEVO,18
TWICE JAPAN OFFICIAL YouTube Channel,18
AbrahamMateoVEVO,18
CBS Miami,18
H3 Podcast Highlights,18
Peter Brown,18
ChloexHalleVEVO,18
Andre Black Nerd,18
TechSmartt,18
Ariana Grande`,18
PinkVEVO,18
Fleur DeForce,18
Pixielocks,18
FoundFlix,17
BrettYoungVEVO,17
JuliaMichaelsVEVO,17
5MadMovieMakers,17
Jess Conte,17
STARZ,17
I Like To Make Stuff,17
BillieEilishVEVO,17
SabrinaCarpenterVEVO,17
Blue Origin,17
EllieGouldingVEVO,17
Chubbyemu,17
ToniBraxtonVEVO,17
STX Entertainment,17
Bobby Bones,17
SmarterEveryDay,17
Townsends,17
PolyMatter,17
GingerPale,17
DaveHax,17
How To Make Everything,17
Chloe x Halle,17
Olympic,17
Simply Not Logical,17
McDonald's,17
Asian Boss,17
USA Gymnastics,17
SPORTSNET,17
Boldly,17
Magnolia Pictures & Magnet Releasing,17
Gigi Gorgeous,17
Australian Open TV,17
SuperwomanVlogs,16
weezer,16
clothesencounters,16
Cammie Scott,16
Microsoft Surface,16
BBC America,16
Nikki Glamour,16
MLive,16
HowToBasic,16
NASA Jet Propulsion Laboratory,16
Laura Kampf,16
FliteTest,16
AlishaMarieVlogs,16
Sprinkleofglitter,16
Special Books by Special Kids,16
T-Mobile,16
Beats 1 Radio,16
The Bella Twins,16
Jenn Im,16
Man About Cake,16
Illumination,16
Kensuke Koike,16
KylieMinogueOnVEVO,16
Science Magazine,16
Carrie Underwood,16
standupmaths,16
Joan Kim,16
Living Big In A Tiny House,16
Ranz Kyle,16
Wall Street Journal,16
ChrisYoungVEVO,16
Unecht Erfunden,15
Gentle Whispering ASMR,15
RoadsideFlix,15
Google Developers,15
Comicbook.com,15
Erika Costell,15
Berd,15
Mason Ramsey,15
KaneBrownVEVO,15
The Weeknd,15
Reaction Time,15
acaciacutie,15
FOX 17 WXMI,15
The Wendy Williams Show,15
Tyler Williams,15
Matt Bentkowski,15
Global Road Entertainment,15
E! News,15
Highlight Heaven,15
Major Lazer,15
GreatScott!,15
AzzyLand,15
SUPERFRUIT,15
Hometalk,15
NASA Goddard,15
LukeBryanVEVO,15
iamAURORAVEVO,15
MeganBatoon,15
Jason Mraz,15
The Official Pokémon YouTube channel,15
Tyler Stalman,15
Nicole Guerriero,15
America's Got Talent,15
ThatcherJoe,15
mmschocolate,15
Bruno Mars,15
jessiepaege,15
Omaze,15
Access,15
Deep Look,15
SiriusXM,15
Bill Gates,15
Strange Parts,15
Sam O'Nella Academy,15
Charlie Corts,15
Trailers Promos Teasers,14
Keke Palmer,14
Access Hollywood,14
Disney On Broadway,14
Clean Bandit,14
PrettyMuchVEVO,14
FOOD INSIDER,14
Ben Katz,14
CNNMoney,14
SHAYTARDS,14
Veritasium,14
HACKADAY,14
Sonic the Hedgehog,14
LaMadelynn,14
BØRNSmusicVEVO,14
Lenarr Young,14
Extra Credits,14
SUMERIAN,14
RachhLoves,14
DJKhaledVEVO,14
"Rock me, Joey Santiago.",14
Sugar Pine 7,14
Blake Shelton,14
Nickelodeon,14
Topi The Corgi,14
AmazingPhil,14
Gorillaz,14
Mamrie Hart,14
Maggie Lindemann,14
DrakeVEVO,14
Mr Sunday Movies,14
TiffyQuake,14
Talking Kitty Cat,14
Omeleto,14
Steve1989MREInfo,14
PostmodernJukebox,14
SnowPatrolVEVO,14
Merrell Twins Live,14
TheMeanKitty,14
Bobby Duke Arts,14
3Blue1Brown,14
Sister Circle Live,14
FoxSearchlight,14
ignoramusky,14
The X Factor UK,13
devinsupertramp,13
Film Independent,13
Dua Lipa,13
WHAT'S INSIDE? FAMILY,13
Doug Ellison,13
Shay Mitchell,13
Kim Kardashian West,13
Ben Pluimer,13
Zach King,13
Troom Troom,13
Everyday Astronaut,13
League of Legends,13
G-Eazy,13
JOE.ie,13
austinmcconnell,13
Business Insider UK,13
samfryltd,13
LecraeVEVO,13
oregon,13
the Hacksmith,13
Kris Harbour,13
United Launch Alliance,13
Third Leg Studios,13
GPhase,13
Macklemore LLC,13
K-MUSIC,13
Jessica Clements,13
Vance Joy,13
Clicknetwork,13
WE tv,13
Looper,13
boogie2988,13
Никита Ордынский,13
Ellie and Jared,13
XAmbassadorsVEVO,13
TmarTn2,13
CrossFit®,13
Major League Soccer,13
BrainfooTV,13
CBS New York,13
Tanner Fox,13
Samsung,13
Warped Perception,13
Ten Second Songs,13
J.J. McCullough,12
Dolan Twins,12
Kid Rock,12
News 5 Cleveland,12
Recanto Ecológico Rio da Prata,12
Claire Marshall,12
Roxette Arisa,12
LukeCombsVEVO,12
Cat Man Chris,12
TheTimTracker,12
Annapurna Channel,12
Leroy Sanchez,12
marshmello,12
TechRax,12
googledoodles,12
LewisCapaldiVEVO,12
MariahCareyVEVO,12
Christina Aguilera,12
Kitty Hawk,12
dodieVEVO,12
Lucy Moon,12
SELF,12
Billy Graham Evangelistic Association,12
JohnNewmanVEVO,12
JackWhiteVEVO,12
Freedom of the Press Foundation,12
PBS Space Time,12
圧倒的不審者の極み!,12
Cimorelli,12
johnlegendVEVO,12
PeopleTV,12
MaggieRogersVEVO,12
My Self Reliance,12
Michael Dapaah,12
CBS Sunday Morning,12
GameXplain,12
LexusVehicles,12
Seonkyoung Longest,12
The king of DIY,12
GRB rally,12
SadeVEVO,12
Bramty Juliette,12
SHOWTIME Sports,12
Jon B.,12
ZEDDVEVO,12
Bethany Wilhelm,12
Ultra Music,12
notnotryan,12
AnimalWised,12
Calvin Klein,12
Whistle Sports,12
Dr. Sandra Lee (aka Dr. Pimple Popper),12
Dani Ochoa,12
DuckSoss,12
VICELAND,12
officialcharlixcx,12
Gerry Litwin,12
AlisonWonderlandVEVO,11
TechCrunch,11
Johnny Jansen,11
DragTimes,11
AusAntarctic,11
TurboTax,11
Kristen Hancher,11
Battle Universe!,11
Theme Park Review,11
radiodisney,11
Pepsi,11
Nile Wilson,11
The Rock,11
Kacey Musgraves - Topic,11
brutalmoose,11
KYLE HANAGAMI,11
PsychoSoprano,11
YBF Chic,11
HyundaiUSA,11
Saint Louis Chess Club,11
CatPusic,11
Iris,11
Riverdale,11
BUILD Series,11
ThomasRhettVEVO,11
BBC Sport,11
Jimmy Built,11
OVO Sound,11
Drew Lynch,11
TMZSports,11
thataylaa,11
FreeDawkins,11
Famous Celebrities Snaps,11
The Atlantic,11
Alex French Guy Cooking,11
Maddie Ziegler,11
Mark Wiens,11
doddleoddle,11
Just Between Us,11
Mean Girls on Broadway,11
CJENMMUSIC Official,11
Funny Or Die,11
Kyle Jennermann,11
Green Day,11
Jack Coyne,11
ShibSibs,11
TheScriptVEVO,11
Arden Rose,10
Nyma Tang,10
A&E,10
mugumogu,10
Wouldn't Change a Thing,10
FOX,10
Los Angeles Times,10
Philly D,10
Official Charts,10
Violin MD,10
Tiffany Day,10
JayRockVEVO,10
Waymo,10
Moulin Rouge! the Musical,10
Global News,10
Rapid Trailer,10
Disney Descendants,10
littlemixVEVO,10
blayze999,10
Shawn Johnson East,10
Motion Station,10
LadBaby Official,10
LuisFonsiVEVO,10
Liverpool FC,10
HANSON,10
Zebra Corner,10
ITV,10
Tom Daley,10
WINNER,10
CBS,10
Braille Skateboarding,10
The Orchard Movies,10
WUSA9,10
The Deal Guy,10
ScatterBrain News,10
Kylie Jenner,10
Eric Strebel,10
Dave Lee,10
N W,10
wdwmagic,10
bulletvalentineVEVO,10
Patricia Bright,10
Niki and Gabi,10
CBS Evening News,10
Nike,10
MYSTERY SCIENCE THEATER 3000,10
Mercury News,10
BT Sport,10
PitbullVEVO,10
IGN News,10
Lorraine,10
Tide,10
IncubusVEVO,10
ToriKellyVEVO,10
amazon,10
VICE,10
LOOK MUM NO COMPUTER,10
HANSE 한세,10
Foot Locker,10
Techquickie,10
kehlani parrish,9
XenonJohn,9
Luke Korns,9
Gemma Stafford,9
Sabrina Claudio,9
Rapid Highlights,9
INQUIRER.net,9
Huxley Berg Studios,9
Inside the Magic,9
The Pet Collective,9
Maymo,9
LustreLux,9
All is Art,9
Allie Glines,9
MNEKVEVO,9
HaileeSteinfeldVEVO,9
Lil Wayne,9
NASCAR,9
NoahCyrusVEVO,9
Keyboard Cat,9
Blonded,9
Quicken Loans,9
Horizon Productions SFL,9
DrinkBODYARMOR,9
The Weather Channel,9
R3HAB,9
Steve TV Show,9
CaptainDisillusion,9
Jordan Wilson,9
Jeep,9
littlerobotgirl,9
Kylie Minogue,9
SB-LII Commercials,9
Michelob ULTRA,9
Shameless Maya,9
Step Up: High Water,9
JackJohnsonVEVO,9
Spotify,9
stacyvlogs,9
Swish Daily,9
ESPN UK,9
Australia,9
The Joint Forces Channel,9
cheeseandjamsandwich,9
Tesla,9
The ACE Family,9
New Orleans Saints on NOLA.com,9
NewsFunnies,9
NFL Network,9
BonJoviVEVO,9
Motherboard,9
Mike Austin,9
David Dobrik,9
Doctor Who,9
People are Awesome,9
The Royal Family,9
Rebel Wilson,9
This Might Get,9
The Oregonian,9
Mark Sales,9
Crusoe the Celebrity Dachshund,9
NFVEVO,9
Lyft,9
CamVEVO,9
The Cuddle Squad,9
Ram Trucks,9
nickjonas,9
The Key of Awesome,9
Barcroft Animals,9
Muse,9
Capital FM,9
Sriram Murali,9
Animal Adventure Park,9
Momentum Pictures,9
Missouri Star Quilt Company,9
Monster Cable Products,9
BenTheBondsman,9
Just Jared Jr,9
Pinball Wiz,9
EvanescenceVEVO,9
Derek Hough,9
shane,9
Hudson Moore,8
Movieclips Coming Soon,8
Real Engineering,8
Lindsay Webster,8
Samantha Maria,8
matt,8
Dawid Szmandra,8
ColdFusion,8
LavenderTowne,8
Piece Of Me Tour Planet Hollywood,8
This Is Us,8
CrashRacing,8
Kristin Johns,8
TheAngryGrandpaShow,8
KBSKpop,8
Ben Actis,8
Katzun,8
Mary Giannone,8
ThirtySecondsToMarsVEVO,8
Sufficiently Advanced,8
KBAK - KBFX - Eyewitness News - BakersfieldNow,8
The Telegraph,8
Squirrel Monkey,8
Mitchell Moon,8
TromaMovies,8
Doug Jones for Senate,8
Youtube Tea,8
Duston Ward,8
The Valleyfolk,8
ALL URBAN CENTRAL,8
RetroManCave,8
Malik Nabee,8
Edward Avila,8
Just Wow me,8
Applied Science,8
Star Wars Coffee,8
YTN NEWS,8
New York Daily News,8
Strange incident,8
Pitch Perfect,8
Eva Lunde Bentley,8
Senator Chris Murphy,8
slaymeclarkson c:,8
Turn10Studios,8
Conan Gray,8
Trace Cyrus,8
Fancy Vlogs By Gab,8
Shade 45,8
Cards Against Humanity,8
Paramount Network,8
Adult Swim,8
TheInternetVEVO,8
H&M,8
WaterTower Music,8
Top Korean News,8
OWN,8
Pick Up Limes,8
NIXOLAS,8
LIL UZI VERT,8
SeanPaulVEVO,8
Cody'sLab,8
Oscars,8
Royal Blood,8
SKITTLESbrand,8
Tessa Violet,8
vnbreyes,8
WildTurkeyBourbon,8
IFC,8
Vevo,8
StingVEVO,8
Diet Coke,8
UrAvgConsumer,8
Collins Key,8
Revolt TV,8
Roy Moore for Senate,8
Attaullah Malik,8
Alex Meyers,8
Brent Pella,8
DIY Perks,8
Freddie Twenty,8
Vinheteiro,8
Scotty Kilmer,8
Snapchat,8
Carla Resendiz,8
Healthcare Triage,8
Fox Business,8
foofightersVEVO,8
Jesse,8
nothorwitzer,8
LifeAccordingToJimmy,8
Chilly Willy,8
BETNetworks,8
Tom Stanton,8
iggyazaleamusicVEVO,8
Tpindell,8
theCHIVE,8
Chris Reinacher,8
MOMOMOYOUTHVEVO,8
Reach Records,8
UEFA.tv,8
Rclbeauty101,8
ParsonJamesVEVO,8
Dwarf Mamba,8
Open Road Films,7
NBA Highlights · YouTube,7
Paweł Zadrożniak,7
LoeyLane,7
Jake Roper,7
adidas Football,7
Budweiser,7
Freddie Lister,7
Gcincorp Ecommerce and Real Estate,7
Samsung Mobile USA,7
Verizon,7
Parks and Recreation,7
John Maclean,7
Toyota Global,7
GamingWithJen,7
Marco Reps,7
KygoOfficialVEVO,7
Millie T,7
Tony Baker Comedy,7
Max Skipper,7
Alec Steele,7
Mercedes-AMG Petronas Motorsport,7
The Ohana Adventure,7
ASMR Darling,7
KFC,7
Yoga With Adriene,7
Beyond The Trailer,7
Passenger,7
ThreeDaysGraceVEVO,7
Beats 1 on Apple Music,7
PhakeNam,7
Grandpa Kitchen,7
Land Rover,7
Zendaya,7
FunForLouis,7
akidearest,7
Mashed,7
New Amsterdam,7
Andrew Lowe,7
Alesso,7
OK Go,7
RAP DAILY,7
Kia Motors America,7
lara6683,7
CMT,7
A Chick Called Albert,7
MGMTVEVO,7
ABC7,7
Barstool Sports,7
Orion Pictures,7
NOLA.com,7
CYNVEVO,7
Persil ProClean,7
Jessica Vu,7
Good Morning Britain,7
WTHR,7
Turkish Airlines,7
Nickelback,7
Netflix Asia,7
Kylie Moy,7
PONY Syndrome,7
ChrisBrownVEVO,7
BeckVEVO,7
Pokémon GO,7
Alto's Adventure,7
Function,7
Kraft Brand,7
Rob Bliss,7
Tom Harlock,7
TNT,7
MassLive,7
Brat,7
Tanner Braungardt,7
Cody'sBLab,7
Mnet K-POP,7
Kitten Lady,7
hwow,7
jenniferhudsonVEVO,7
Alpha Entertainment,7
Chris Turner,7
BrantleyGilbertVEVO,7
New England Patriots,7
Victoria's Secret,7
DJSnakeVEVO,7
TheUnlockr,7
The1975VEVO,7
WFLA News Channel 8,7
Circus HalliGalli,7
hp_overload,7
TheOdd1sOut,7
Guy Tang,7
BrasherN,7
Will Darbyshire,7
Alex Gilbert,7
AIA awards,7
alt-J,7
Wengie,7
Bethel Music,7
Graham The Christian,7
JP & Julia,7
StudiocanalUK,7
mariahxlambily,7
ELLEUKTV,7
Warner Bros. UK,7
Corinne Leigh,7
Recording Academy / GRAMMYs,7
BerkleyLovesTori,7
hudsonunionsociety,7
MrBeast,7
Dj Earworm,7
Legendary,7
Toyota USA,7
Christopher Davis,7
Chicago Sun-Times,7
mittromney,7
Martin Garrix,7
ScottyMcCreeryVEVO,7
Max Fagin,7
Groupon,7
HouzzTV,7
Bud Light,7
shakiraVEVO,7
Sauber F1 Team,7
Demi Lovato,7
Dancing On Ice,7
WXYZ-TV Detroit | Channel 7,7
Bret Baier,7
shgurr,7
Beats by Dre,7
FrenchMontanaVEVO,7
MrTreknation,7
TheBackyardScientist,7
Animal Planet,7
Campo Santo Productions,7
David Sistaro,7
Cleveland Cavaliers on cleveland.com,6
The Alex Jones Channel,6
Huw Parkinson,6
Awkward Puppets,6
Solid Gold Aquatics,6
voordeel,6
Entertainment Weekly,6
MoorInfo,6
Hazel Hayes,6
Pac-12 Networks,6
Muselk,6
The Square to Spare,6
ET Canada,6
India Love,6
Mashable Daily,6
KFlayVEVO,6
Elvis Duran Show,6
CBS Chicago,6
LD Entertainment,6
BishopBriggsVEVO,6
GohmertTX01,6
Philadelphia Eagles,6
Sam Chui,6
LissieVEVO,6
Despierta América,6
JonTronShow,6
DreamCastle_629,6
PLAYERUNKNOWN'S BATTLEGROUNDS,6
eLL cartoons,6
PeterSripol,6
NFL World,6
DreamWorksTV,6
Ryan Davidson,6
NitroV2,6
Miss Universe,6
cicigoodies2011,6
Let Me Explain Studios,6
BleachersVEVO,6
Bob Przybylo,6
DunkFest,6
Josh Levine,6
Pittsburgh Dad,6
FIFATV,6
Ryan Northover,6
automotivemaster1972,6
영국남자 Korean Englishman,6
Mike Diva,6
JK Brickworks,6
RickyMartinVEVO,6
reputationswift,6
Asthmatic Kitty Records,6
Wallows,6
See You Yang,6
Jason Yu,6
KipMooreVEVO,6
The Tommy Edison Experience,6
thegameawards,6
Vlogs By DK4L,6
KIND Snacks,6
Elton John,6
MTV International,6
Onur Altuğ Sever,6
The Thought Emporium,6
Seth's Bike Hacks,6
Pero Like,6
OlanRogers,6
4given4ever1,6
Makeupshayla,6
Ryan Is Driving,6
Smyang Piano,6
Jacob Collier,6
JamesBlakeVEVO,6
cgriesemer,6
heroedelahistoria,6
Technomanila,6
Newsflare,6
World Eyes,6
MaccabeatsVideos,6
David Archuleta,6
Recode,6
Scotty Sire,6
Mikey Murphy,6
BaconLegs,6
CHRIS-RS,6
BellaThorneVEVO,6
Slooh,6
Pomegranate Sunshine,6
ThePianoGuys,6
grandayy,6
LouisTomlinsonVEVO,6
Sports Illustrated,6
NZPoliceRecruitment,6
Radio Andy,6
RagnBoneManVEVO,6
Henry Prince Mak,6
tonyvera1902,6
It's a Southern Thing,6
HOT 97,6
KISS FM UK,6
EltonJohnVEVO,6
Quartz,6
AviciiOfficialVEVO,6
Matt and Kim,6
Candide Thovex,6
AnselElgortVEVO,6
Hayley Kiyoko,6
Dorkly,6
Dennis Kapatos,6
gzumwalt,6
TRYANGLE FILMS,6
CrashCourse,6
Newsy,6
Jessica Kellgren-Fozard,6
Sport Hub,6
SodaStream,6
Smequle,6
MoreZoella,6
The 2x Family,6
DaHoopSpot Productions,6
Ricky Dillon,6
Evan Edinger,6
Adam Smith,6
ワーナー ブラザース 公式チャンネル,6
gamelovercommercials,6
Austin Burk,6
AvE,6
TheCubician,6
WhatCulture Wrestling,6
Blurred Culture,6
PB Comps,6
PlayStation,6
X Games,6
Bloomberg Politics,6
Summoning Salt,6
barnabydixon,6
Máquina Voadora,6
VOsprey22,6
Whitney Avalon,6
Moby,6
Brian Klug,6
I.T. Channel,6
To Scale:,6
Paris Hilton,6
Marie McGann,6
Kotaku,6
DanAndPhilGAMES,6
doddlevloggle,6
communitychannel,6
GwenStefaniVEVO,6
Michael Callaghan,6
MAZELEE,6
Anew Start,6
Manny Mua,6
Christine Sydelko,6
The Warp Zone,6
"One List , One Life",6
Keith Urban,6
souviendra,6
EA SPORTS FIFA,6
JheneAikoVEVO,6
ChangeofplanZ,6
BachelorsPadTv,6
Bruce Land,6
3D Printing Nerd,6
Sound Bites,6
Walking With Giants,6
Honda,6
HarryStylesVEVO,6
East Idaho News,6
Aunty Donna,6
Lil Peep,6
Abroad in Japan,5
emma chamberlain,5
CFL Insider,5
lisbug,5
Patrick Nan,5
ToveLoVEVO,5
Zach Simmons,5
Caspar,5
Now You See It,5
Tina Nguyen,5
KATC,5
Aymeric Favard,5
Andre Will Do It,5
Sports Lovers n1,5
Big Ten Network,5
Symon,5
Adam's Apple,5
ilikeweylie,5
Song Of Style,5
Marteen Estevez,5
NowThis World,5
Kingsley,5
Oceana,5
Anthem Game,5
BAFTA,5
D3sports.com,5
Amazon.co.uk,5
HvdH-Plane-Spotter,5
Esther Bellido,5
JoergSprave,5
Vet Ranch,5
"European Space Agency, ESA",5
The Ringer,5
MGM,5
MARIO TESTINO,5
TV One,5
engineerguy,5
Sprint,5
Bethany Mota,5
Darren Criss,5
Be Amazed,5
Chris Hadfield's Rare Earth,5
PHP,5
RachelPlattenVEVO,5
BLACKPINK,5
Emirates,5
HQVideoDude,5
Unique Vibes,5
IAmAnneMarie,5
BBALLBREAKDOWN,5
Pitchfork,5
TheHoonigans,5
Renault Sport,5
Syracuse Orange,5
Voicebot,5
Summit,5
Sam Sheffer,5
Gustawny,5
BRIGHT SIDE,5
PESfilm,5
Alabama Crimson Tide on AL.com,5
legofreedom1,5
MisterWivesVEVO,5
The 1975,5
Lofty Pursuits,5
WhatsUpMoms,5
greyson97,5
Terrormink,5
Royal Academy of Arts,5
ombremor,5
Lauren Elizabeth,5
Battlefield,5
Feelunique,5
Sparkee Music,5
Peloton,5
Lifetime,5
42Fab - Metalworking and Multi-Medium Fabrication,5
Anthem Lights,5
Jessica Braun | JAMbeauty89,5
Andrew Rowland,5
CrowsEyeProductions,5
Chris Lee,5
leonalewis,5
West Midlands Police,5
PointlessBlogVlogs,5
Tim Gray,5
RawBeautyKristi,5
Fontgod,5
KTVU,5
Cody'sLab Backup,5
Guldies,5
Prime Video,5
TraceyThornVEVO,5
Car Throttle,5
Howl Of A Dog,5
Forgotten Weapons,5
AT&T,5
Beyonce,5
ODE,5
BreakingBenjaminVEVO,5
Hush Kit,5
Kyle Gunderson,5
Adam Neely,5
Amber Liu,5
Ryan Canty,5
DopeBoyTroy,5
David Windestal,5
StarTalk,5
NBA on ESPN,5
Nick Ramos,5
Jessii Vee,5
Big Cat Rescue,5
sWooZie,5
Street Speed 717,5
Rella On the radio,5
John Sellars,5
Loudwire,5
Movie Munchies,5
End of Ze World,5
WGA West,5
LaToya Forever,5
Cultaholic,5
Twin Shadow,5
TheVampsVEVO,5
JohnnyQ90,5
TimandFaithVEVO,5
EA SPORTS,5
TheKillersVEVO,5
Errant Signal,5
British Vogue,5
MandisaVEVO,5
Scott Manley,5
Carly and Erin,5
730 WVFN,5
StoryCorps,5
Rachelleea,5
The Angie Martinez Show,5
The Unipiper,5
Ben Rohrbach,5
NBA Stats All Seasons,5
Corridor,5
melodysheep,5
Ryan Williams,5
FILMWEBTV,5
Rainer Hilland,5
Chris Rosa,5
UJ,5
danisnotinteresting,5
The Sports King,5
officer401,5
BeOurGuest,5
Bravo,5
Beth Kobliner,5
Nathan C,5
This Morning,5
Apple Support,5
SIRAH,5
DoodleChaos,5
Philadelphia 76ers,5
Business InsiderAu,5
Kelly Eden,5
Wix.com,5
Erin Noelle,5
Adult Swim UK,5
NinaNesbittMusicVEVO,5
Cam'ron,5
Jalopnik,5
Tryst Network,5
COVERGIRL,5
The Sydney Morning Herald,5
Braxen McConnell,5
MN khan,5
DonDiablo,5
Conor Maynard,5
HaimVEVO,5
Highsnobiety,5
JayZVEVO,5
TobyMacVEVO,5
iKON,5
Peaceful Cuisine,5
Popcorn with Peter Travers,5
JamesAVEVO,5
Kevin Noonan,5
Shesez,5
Troye Sivan,5
rock on,5
Anna Saccone,5
Galantis,5
Hannah Meloche,4
Chevrolet,4
University of Rochester EEOC Complainants,4
ARIKITCHEN (아리키친),4
Clark Zhu,4
colourpopcosmetics,4
Prince Marcus,4
HARRY,4
AmandaMoor & Craft Ideas,4
Popular Woodworking,4
FrownsUpsideDown,4
Oscar Fury,4
BRITs,4
The CGBros,4
Abhishek Singh,4
Karim Jovian,4
Torm place,4
XFL,4
The University of Chicago,4
Speks,4
Vote The Process,4
The Bachelor Insider,4
Trevor Wallace,4
Redline Reviews,4
jeremiah johnson,4
StanDrawsSpaceships,4
Plasma Channel,4
Choir! Choir! Choir!,4
JAY,4
CBS Films,4
Donut Media,4
Navenanthen Gepardieu,4
MassMutual,4
JuJu Smith-Schuster,4
CrazyLaughAction,4
Kanimuna Kisaka,4
Sailing La Vagabonde,4
Car Commercials of the Past,4
Inthefrow,4
Radio Physics and Electronics,4
Movie'n'co UK,4
MrMobile [Michael Fisher],4
Rainsford,4
NOVA's Secret Life of Scientists and Engineers,4
Desus & Mero,4
Southwest Florida Eagle Cam,4
Xscape - Topic,4
TopClips247,4
thevirts,4
Kortney Steury,4
Dustin Penner,4
Coca-Cola,4
Funny New Videos,4
Max Hertan,4
RZSS Highland Wildlife Park,4
Midnight Video,4
U.S. Navy,4
Define American,4
Specialized Bicycles,4
jbalvinVEVO,4
Michael Rigsby,4
Vic Dibitetto,4
NWSSanDiego,4
Technology Connections,4
BehindTheSounds,4
WeatherTech,4
Maddie Lymburner,4
Techmoan,4
Mike H,4
Sherylcrow,4
RocketJump Film School,4
Sesame Street,4
The Current Source,4
AFP news agency,4
Rise,4
Kevin Durant,4
SR Trailers and Interviews,4
Interscope Records,4
Outback Steakhouse,4
Star Wars HQ,4
60 Minutes,4
Ján Ilavský,4
DJI,4
Caravan Carolyn,4
Mark Ferris,4
Livia Giustiniani,4
VideoGameAds,4
blackbearVEVO,4
Noah Nicholls,4
Spectrum Haleskarth,4
F Milburn,4
Billboard News,4
It's a small world,4
The Lore Master,4
Billions,4
John Lewis,4
Hillsong Worship,4
Carlos Campos,4
TheBeatlesVEVO,4
MasterClass,4
Intuit,4
MOBO Awards,4
Nobrand,4
Goodwillsandusky,4
Milkmen Design,4
POPSUGAR,4
Daniel Howell,4
Exploring Alternatives,4
Viva La Dirt League,4
Wintergatan,4
Nathan Robinson,4
J Gasser,4
The Cincinnati Zoo & Botanical Garden,4
Halfway Anywhere,4
startelegramvideo,4
FaeryInLoveInc,4
Matt Steffanina,4
Mr Ben Brown,4
52 Skillz,4
Squarespace,4
Golden State Warriors,4
First Aid Kit,4
joyner lucas,4
Useless Duck Company,4
FloSports,4
Daily Davidsons,4
CS Dojo,4
dope2111,4
Shantell Martin,4
Topic,4
David Jardine,4
Avocados From Mexico,4
Marcos Horacio,4
Emma Massingale,4
Shmee150,4
The Modern Rogue,4
"Cyprus Air Heating, Cooling and Fireplaces",4
Frank May,4
Roadshow,4
Real World Records,4
Pies Are Awesome,3
Izac Less,3
WQAD News 8,3
littleBits Electronics,3
Steeper33,3
Writers Guild of America East,3
Clash of Clans,3
BBC Music,3
Video Library,3
Red Bull Records,3
Cloth Map,3
Na So We See Am,3
BowlFullofAwesome,3
Bee Ly TV,3
VidCon,3
The Players' Tribune,3
Disneyland Experience,3
flirppy242,3
ThisDustIn,3
dekuNukem,3
Kevin Stein,3
WLKY News Louisville,3
Duan Mackenzie,3
Dish Nation,3
Voltfolio,3
Palo Alto Online,3
eba era,3
Geoff Mallinson,3
John Varvatos,3
Daz Games,3
Penguin Books South Africa,3
Hopeless Records,3
Obama Foundation,3
NoahKahanVEVO,3
How It Should Have Ended,3
ATPWorldTour,3
blvck King,3
geicocaveman2012,3
rollingstoneonline,3
9-1-1 on FOX,3
Tegan and Sara,3
marjolijn2,3
Lane Anderson,3
Mrwhosetheboss,3
Saved By The Max,3
Single Shot,3
RackaRacka,3
OneBitMusicVEVO,3
Lame Videos,3
daronjay,3
Chappell Roan,3
BMW USA,3
HALO,3
Hollyscoop,3
Alex Aiono,3
Represent.Us,3
RealNewsNetworkMedia,3
Tom Thum,3
SnekTek,3
iotexpert,3
DKDKTV,3
MK Dons,3
Desimpedidos,3
Red Robot - Intelligent Distribution,3
India Survival Guide,3
AutoGuide.com,3
paul wheaton,3
RESSENCE WATCHES,3
Quad9 DNS,3
SRAM MTB,3
Russell Howard,3
Tentmaker Pictures,3
Ben Kronengold,3
RedCurtainEnt,3
taalk com,3
Jon Olsson,3
Kerry Wong,3
DrMachakil,3
QUARTZ,3
"But First, Coffee",3
Empire,3
FlyFastandLow,3
JessieJVEVO,3
gameslice,3
Studio MDHR,3
Ford Motor Company,3
PAC ENTRETENIMENTO / DJ IVAN DAVIS,3
fuzywazacolin,3
JimBrowski 96HourNews,3
Mustache Wax,3
L2inc,3
Facelesstech,3
MovieAccessTrailers,3
Adam Whitley,3
Funny Commercials,3
Helen Anderson,3
MITCHELL WIGGS,3
Saskatchewan Rush,3
UCAN Zippers USA,3
Amelia Liana,3
Rappler,3
TkyoSam,3
Desktop Makes,3
shurap,3
HOTSPOTATL,3
TheJuicyJVEVO,3
Lotto New Zealand,3
CMAVEVO,3
KBS World TV,3
National Safety Council,3
Fifty Shades,3
kawaiisweetworld,3
CBS Philly,3
The Scam On Demand,3
Amarullah Rizky,3
Us Weekly,3
FerrasVEVO,3
Canada Soccer,3
Estée Lalonde,3
cocheusadoooo,3
BenDeen,3
LGR,3
Zero Media,3
Masters Of The Sun,3
Ryan Calme,3
Tamika Hall,3
Any rubbish,3
NASA,3
The Office US,3
Chriselle Lim,3
Kingdom Hearts,3
Nicki Shields,3
Audience Network,3
Bethesda Softworks,3
Coachella,3
LiveOverflow,3
Channon Rose Vlogs,3
Campari,3
Gregg Peterson,3
TheGracieC,3
Turbo Conquering Mega Eagle,3
smoothiethecat,3
ROME REPORTS in English,3
FailArmy,3
Atlanta Hawks,3
Ivan Miranda,3
lugeyps3,3
Why Don't We,3
Kat Cunning,3
Michael Bublé,3
Maker's Box,3
Kita Osaka,3
mvt.ias,3
Matoma,3
FamilyFeud,3
Vat19Nvjds,3
Channel 4,3
Liam Gallagher,3
All Def Digital,3
mayratouchofglam,3
tovestyrkeVEVO,3
kimbramusic,3
greeenpro,3
Kevin Rabatin,3
Like Stories of Old,3
Daily Caller,3
"monday.com, formerly dapulse",3
Donald J. Trump Topic,3
Chili Klaus,3
razzark666,2
Taras Malyar,2
Benn and Gear,2
Haru the Shiba Inu,2
NARLtv,2
Chris and Jack,2
Polyphonic,2
Cristi Cristian,2
negermano,2
DraftExpress,2
Andy Grammer,2
Vostok.bike,2
The Nocturnal Alchemist,2
Mark Linsangan,2
pjmorton,2
Catch-Up TV,2
Whyte Foxx Music Videos & More,2
MiddleKidsVEVO,2
Radovan Lazic,2
Stefany Gonzalez,2
Peter Caine Dog Training,2
GoDucksdotcom,2
Daelric,2
Context Information Security,2
StorrorBlog,2
Dylan Locke,2
Bloomberg,2
Penguin Books UK,2
SupremeSounds,2
FundingCircleUK,2
Hannah Witton,2
Freemeo,2
The Royal Ocean Film Society,2
Danny Sapko,2
Srinath .S,2
Cartoon Hangover,2
Bundesliga,2
MsAaliyahJay,2
X Factor Italia,2
Funny News,2
Hak5,2
astroboy1960,2
yovo68,2
Mom Will Be Proud,2
Slednecks,2
PrincessPiaMiaVEVO,2
OjO Commuter Scooter by OjO Electric,2
12 News,2
AlmazanKitchen,2
cineytele,2
iDB,2
Rachel and Jun,2
New York Magazine,2
Valk Aviation,2
theSkimm,2
Banana Culture Music,2
Amanda Palmer,2
LOFTON SHAW,2
Electron Dust,2
AirPano,2
SaggyJ,2
FRANKIEmusicVEVO,2
Auralnauts,2
MrNorrisVideos,2
Gatorade,2
Ubisoft North America,2
Spinach Dippa,2
FacelesswithEyesOpen,2
Ford Europe,2
Paul Sellers,2
Cleveland Browns,2
Duncan Sinfield,2
Sieuwe Elferink,2
SumerianRecords,2
Ross Kempsell,2
In Case You Missed It,2
Late Show with David Letterman,2
Rock & Roll Hall of Fame,2
Tony Berza,2
Burritoxman,2
SBS TV동물농장x애니멀봐,2
Mountain Dew,2
Crafty Panda,2
ekaggrat singh kalsi,2
IsraeliPM,2
Itzztonytony,2
Joshua Levin,2
Flash Rahbbit,2
MattMasonPhotography,2
empireofthesunvevo,2
Genuine Survival Research Labs,2
HiHo Kids,2
lugnutsoldcrap,2
Shaaanxo,2
GinWigmoreVEVO,2
Doritos®,2
Mercedes-Benz,2
Rob Andretti,2
Davey Swatpaz,2
MILCK,2
bigclivedotcom,2
Hybrid Network,2
Tim Barrett,2
monatheband,2
J S,2
郭韋辰,2
2CELLOS,2
Barn Sanctuary,2
Invisible People,2
Taylor R,2
Domain of Science,2
Avocado,2
neilyoungchannel,2
BellatorMMA,2
ElbowVEVO,2
MDNA SKIN,2
Bkav Corp,2
Frog The Rooster,2
What I've Learned,2
CrossKut316,2
Must Love Science,2
Lamborghini,2
Sarasota Police Department,2
Cyberpunk 2077,2
Stratolaunch,2
Monster Energy,2
CyclingTips,2
Manifest,2
kmichelle,2
toofacedcosmetics,2
Dina Tokio,2
Viral Paws,2
Confuse News,2
Mecum Auctions,2
Neil Fraser,2
Hot Dad,1
Trevor Moran,1
Charles Chan,1
onsetfacilities.com,1
WhatsApp Wacky,1
Pop & Sports HQ,1
revlon,1
494ta,1
Birdbox Studio,1
Katy Perry,1
Shawn,1
chris lee,1
CNLohr,1
Thomas Sebastian,1
RiceGum,1
Shyrynne,1
Humble Design,1
KSNV News 3 Las Vegas,1
Lawrence Livermore National Laboratory,1
Anaki Abo,1
Jenny Hanell,1
Aerie,1
Алексей Навальный,1
American Bridge 21st Century,1
BillyCrammer,1
Storyful News,1
Blockbuster,1
Taylor Alexander,1
Tucker Gott,1
BTS Videos,1
bitluni's lab,1
Lily Pebbles,1
GrDrtube,1
Tamar Chronicles,1
Gondwana Collection Namibia,1
dannotv,1
KickThePj,1
The Anna Edit,1
The Inertia,1
Mike Olbinski,1
TDAmeritrade,1
Enter Shikari,1
Frankie Vision,1
PekingDukVEVO,1
EntertainmentVevo,1
mike m,1
LetsGoWarriors,1
Whitney Port,1
90s Commercials,1
Owen Harvey,1
CIRCUITBEARD,1
Alicia Keys,1
Commercials Funny,1
JarJar Abrams,1
Caterham Cars,1
Brothers Green Eats,1
JanPaul123,1
Check It Out,1
Jamie Demeter,1
edlover4real,1
Bini the Bunny,1
Madmorda,1
yeokm1,1
RihannaNavyVevo,1
Missguided,1
King Princess,1
Ozuna,1
PhilPhillipsVEVO,1
Nahre Sol,1
UMF TV,1
K Yuen,1
DrakeBellVEVO,1
Max Joseph,1
Skelly Robot,1
TSN Tube,1
Wendy's,1
TrainVEVO,1
MODSUN,1
David Seymour,1
CityNews Toronto,1
SiggasNation™,1
New Scientist,1
Steve Kovach,1
Dale Dai,1
Science vs Cinema,1
PK Inventor,1
Maggie Smith Kühn,1
Grist,1
Total Combat,1
Ryan,1
Republican News Watch,1
EVNautilus,1
Caters Clips,1
Mayo Clinic,1
MickMake,1
CHauserable,1
Dean Anderson,1
Stewart Brand,1
Movieclips Film Festivals & Indie Films,1
Tu Fan,1
I'm With Her,1
That Japanese Man Yuta,1
Talks at Google,1
Sevdaliza,1
Chris Sturgeon,1
Hin Nya,1
Super Netvid,1
James Veitch,1
shoaib246,1
Xbox,1
ТСН,1
Just Marcus,1
BeyondSlowMotion,1
Absolut,1
Chad Kroeger,1
ladygagaarraza,1
So I Had This Idea...,1
CoinDaddy,1
ClovesVEVO,1
David Steuer,1
BrianJustinCrum,1
misleadingsilhouette,1
Freeform,1
poofables,1
Guinness World Records,1
SHOWTIME,1
PetaPixel,1
